,Company,Listing Date_x,Issue Price (Rs.)_x,Issue Amount (Rs.cr.),Listing at,QIB (x),NII (x),Retail (x),Total (x),Applications,Mainboard/SME_x,Listing Date_y,Subscription,Issue Price (Rs.)_y,Close Price on Listing (Rs.),Market Price (Rs.),IPO Name,Mainboard/SME_y,NSE/BSE,Issue Price,List Price,List Gain(%),Current Price,Current Gain(%)
0,Bharti Hexacom Limited,2024-04-12,570,4275.0,"BSE, NSE",48.57,10.52,2.83,29.88,"6,19,251",Mainboard,2024-12-04,29.88x,Rs 570,Rs 813.30 (42.68%),"Rs 1,686.25 (195.83%)", Bharti Hexacom Ltd,Mainboard,"NSE, BSE",570.0,755.2,32.49,1665.35,192.17
1,DCG Cables & Wires Limited,2024-04-16,100,49.99,NSE SME,0.0,11.53,21.7,16.96,42926,SME,2024-04-16,16.96x,Rs 100,Rs 91.55 (-8.45%),Rs 73.15 (-26.85%), DCG Cables & Wires...,SME,NSE,100.0,85.5,-10.0,74.6,-14.499999999999998
2,Teerth Gopicon Limited,2024-04-16,111,44.4,NSE SME,0.0,97.12,44.33,75.54,70177,SME,2024-04-16,75.54x,Rs 111,Rs 131.25 (18.24%),Rs 326.40 (194.05%), Teerth Gopicon Ltd,SME,NSE,111.0,131.25,12.61,319.9,18.24324324324324
3,Greenhitech Ventures Limited,2024-04-22,50,6.3,BSE SME,0.0,921.6,597.41,769.95,"1,63,764",SME,2024-04-22,769.95x,Rs 50,Rs 99.75 (99.5%),Rs 124.90 (149.8%), Greenhitech Ventur...,SME,BSE,50.0,99.75,90.0,127.35,154.7
4,Ramdevbaba Solvent Limited,2024-04-23,85,50.27,NSE SME,65.95,314.46,79.96,126.21,97956,SME,2024-04-23,126.21x,Rs 85,Rs 117.60 (38.35%),Rs 102.25 (20.29%), Ramdevbaba Solvent...,SME,NSE,85.0,117.6,31.76,105.5,38.35294117647059
5,Grill Splendour Services Limited,2024-04-23,120,16.47,NSE SME,0.0,4.59,12.78,8.68,6939,SME,2024-04-23,8.68x,Rs 120,Rs 127.35 (6.12%),Rs 114.95 (-4.21%), Grill Splendour Se...,SME,NSE,120.0,127.35,1.08,110.25,6.124999999999995
6,Faalcon Concepts Limited,2024-04-26,62,12.09,BSE SME,0.0,93.27,47.17,71.28,27324,SME,2024-04-26,71.28x,Rs 62,Rs 90.25 (45.56%),Rs 48.25 (-22.18%), Faalcon Concepts L...,SME,BSE,62.0,90.25,53.23,48.25,-22.18
7,Varyaa Creations Limited,2024-04-30,150,20.1,BSE SME,0.0,1.08,6.09,3.59,4269,SME,2024-04-30,3.59x,Rs 150,Rs 270.75 (80.5%),Rs 61.24 (-59.17%), Varyaa Creations L...,SME,BSE,150.0,270.75,90.0,60.02,-59.99
8,Emmforce Autotech Limited,2024-04-30,98,53.9,BSE SME,160.58,861.98,267.62,364.37,"4,79,142",SME,2024-04-30,364.37x,Rs 98,Rs 195.51 (99.5%),Rs 80.35 (-18.01%), Emmforce Autotech ...,SME,BSE,98.0,195.51,90.0,82.49,-15.83
9,JNK India Limited,2024-04-30,415,649.47,"BSE, NSE",74.4,23.8,4.2,28.46,"4,21,188",Mainboard,2024-04-30,28.46x,Rs 415,Rs 694.55 (67.36%),Rs 379.00 (-8.67%), JNK India Ltd,Mainboard,"NSE, BSE",415.0,620.0,49.4,375.35,-9.55
10,Shivam Chemicals Limited,2024-04-30,44,20.18,BSE SME,0.0,4.33,8.88,6.61,7689,SME,2024-04-30,6.61x,Rs 44,Rs 47.40 (7.73%),Rs 55.00 (25%), Shivam Chemicals L...,SME,BSE,44.0,47.4,9.09,55,25.0
11,Storage Technologies and Automation Ltd,2024-05-08,78,29.95,BSE SME,117.86,577.02,242.74,278.82,"2,68,741",SME,2024-08-05,278.82x,Rs 78,Rs 153.05 (96.22%),Rs 104.70 (34.23%), Storage Technologi...,SME,BSE,78.0,153.05,90.0,102.5,31.41
12,Amkay Products Limited,2024-05-08,55,12.61,BSE SME,173.04,987.34,973.14,748.03,"5,10,613",SME,2024-08-05,748.03x,Rs 55,Rs 109.72 (99.49%),Rs 45.00 (-18.18%), Amkay Products Ltd,SME,BSE,55.0,109.72,90.0,45.5,-17.27
14,Sai Swami Metals & Alloys Limited,2024-05-08,60,15.0,BSE SME,0.0,533.83,529.01,543.72,"4,29,046",SME,2024-08-05,543.72x,Rs 60,Rs 119.70 (99.5%),Rs 34.87 (-41.88%), Sai Swami Metals a...,SME,BSE,60.0,119.7,90.0,34.87,-41.88
15,Slone Infosystems Limited,2024-05-10,79,11.06,NSE SME,0.0,756.88,540.8,667.81,"2,24,973",SME,2024-10-05,667.81x,Rs 79,Rs 112.60 (42.53%),Rs 260.00 (229.11%), Slone Infosystems ...,SME,NSE,79.0,112.6,50.0,268.0,42.531645569620245
16,Winsol Engineers Limited,2024-05-14,75,23.36,NSE SME,207.23,1087.81,780.15,682.14,"5,04,758",SME,2024-05-14,682.14x,Rs 75,Rs 383.25 (411%),Rs 202.20 (169.6%), Winsol Engineers L...,SME,NSE,75.0,383.25,386.67,212.4,411.00000000000006
17,Refractory Shapes Limited,2024-05-14,31,18.6,NSE SME,90.59,464.43,259.56,255.08,"1,29,522",SME,2024-05-14,255.08x,Rs 31,Rs 78.75 (154.03%),Rs 63.00 (103.23%), Refractory Shapes ...,SME,NSE,31.0,78.75,141.94,66.15,154.03225806451613
18,Indegene Limited,2024-05-13,452,1841.76,"BSE, NSE",192.72,55.91,7.86,70.3,"27,93,616",Mainboard,2024-05-13,70.30x,Rs 452,Rs 570.90 (26.31%),Rs 610.35 (35.03%), Indegene Ltd,Mainboard,"NSE, BSE",452.0,659.7,45.95,612.05,35.41
19,Silkflex Polymers (India) Limited,2024-05-15,52,18.11,NSE SME,0.0,36.59,35.97,39.3,29711,SME,2024-05-15,39.30x,Rs 52,Rs 58.70 (12.88%),Rs 95.05 (82.79%), Silkflex Polymers ...,SME,NSE,52.0,58.7,15.38,97.2,12.884615384615389
20,Finelistings Technologies Limited,2024-05-14,123,13.53,BSE SME,0.0,29.85,38.96,37.44,23784,SME,2024-05-14,37.44x,Rs 123,Rs 133.35 (8.41%),Rs 35.95 (-70.77%), Finelistings Techn...,SME,BSE,123.0,133.35,3.25,35.35,-71.26
21,TBO Tek Limited,2024-05-15,920,1550.81,"BSE, NSE",125.51,50.6,25.72,86.69,"23,81,094",Mainboard,2024-05-15,86.69x,Rs 920,"Rs 1,406.30 (52.86%)","Rs 1,205.80 (31.07%)", TBO Tek Ltd,Mainboard,"NSE, BSE",920.0,1380.0,50.0,1236.5,34.4
22,Aadhar Housing Finance Limited,2024-05-15,315,3000.0,"BSE, NSE",76.42,17.33,2.58,26.76,"16,36,280",Mainboard,2024-05-15,26.76x,Rs 315,Rs 329.45 (4.59%),Rs 447.00 (41.9%), Aadhar Housing Fin...,Mainboard,"NSE, BSE",315.0,314.3,-0.22,457.45,45.22
23,TGIF Agribusiness Limited,2024-05-15,93,6.39,BSE SME,0.0,35.35,32.92,37.13,10906,SME,2024-05-15,37.13x,Rs 93,Rs 142.50 (53.23%),Rs 97.85 (5.22%), TGIF Agribusiness ...,SME,BSE,93.0,142.5,61.29,97.5,4.84
24,Energy-Mission Machineries (India) Limited,2024-05-16,138,41.15,NSE SME,161.92,605.19,289.36,320.67,"2,87,050",SME,2024-05-16,320.67x,Rs 138,Rs 384.25 (178.44%),Rs 214.00 (55.07%), Energy-Mission Mac...,SME,NSE,138.0,384.25,165.22,214.0,178.44202898550725
26,Premier Roadlines Limited,2024-05-17,67,40.36,NSE SME,89.95,180.25,106.5,117.57,"1,06,711",SME,2024-05-17,117.57x,Rs 67,Rs 91.35 (36.34%),Rs 95.90 (43.13%), Premier Roadlines ...,SME,NSE,67.0,91.35,29.85,100.05,36.34328358208954
27,Aztec Fluids & Machinery Limited,2024-05-17,67,24.12,BSE SME,107.93,341.94,228.43,218.38,"1,66,207",SME,2024-05-17,218.38x,Rs 67,Rs 85.50 (27.61%),Rs 99.75 (48.88%), Aztec Fluids & Mac...,SME,BSE,67.0,85.5,34.33,98.28,46.69
28,Piotex Industries Limited,2024-05-17,94,14.47,BSE SME,0.0,115.21,93.33,107.44,72024,SME,2024-05-17,107.44x,Rs 94,Rs 114.30 (21.6%),Rs 39.00 (-58.51%), Piotex Industries ...,SME,BSE,94.0,114.3,15.96,39,-58.51
29,Indian Emulsifier Limited,2024-05-22,132,42.39,NSE SME,175.95,779.63,484.66,460.07,"5,18,586",SME,2024-05-22,460.07x,Rs 132,Rs 451.50 (242.05%),Rs 138.90 (5.23%), Indian Phosphate L...,SME,NSE,99.0,178.7,90.0,53.8,80.50505050505049
30,Indian Emulsifier Limited,2024-05-22,132,42.39,NSE SME,175.95,779.63,484.66,460.07,"5,18,586",SME,2024-05-22,460.07x,Rs 132,Rs 451.50 (242.05%),Rs 138.90 (5.23%), Indian Emulsifiers...,SME,NSE,132.0,451.5,225.76,145.8,242.04545454545453
31,Mandeep Auto Industries Limited,2024-05-21,67,25.25,NSE SME,0.0,61.54,90.57,77.23,81018,SME,2024-05-21,77.23x,Rs 67,Rs 65.35 (-2.46%),Rs 28.35 (-57.69%), Mandeep Auto Indus...,SME,NSE,67.0,65.35,-7.09,28.4,-2.4626865671641878
32,Veritaas Advertising Limited,2024-05-21,114,8.48,NSE SME,102.41,629.56,989.44,621.62,"2,04,814",SME,2024-05-21,621.62x,Rs 114,Rs 261.25 (129.17%),Rs 77.95 (-31.62%), Veritaas Advertisi...,SME,NSE,114.0,261.25,141.23,77.95,129.16666666666669
33,Quest Laboratories Limited,2024-05-23,97,43.16,NSE SME,57.2,184.1,57.63,85.26,71975,SME,2024-05-23,85.26x,Rs 97,Rs 147.35 (51.91%),Rs 106.60 (9.9%), Quest Laboratories...,SME,NSE,97.0,147.35,59.9,106.9,51.90721649484536
34,Go Digit General Insurance Limited,2024-05-23,272,2614.65,"BSE, NSE",12.56,7.24,4.27,9.6,"5,85,348",Mainboard,2024-05-23,9.60x,Rs 272,Rs 306.00 (12.5%),Rs 296.30 (8.93%), Go Digit General I...,Mainboard,"NSE, BSE",272.0,281.1,3.35,299.85,10.24
35,Rulka Electricals Limited,2024-05-24,235,26.4,NSE SME,204.22,1350.15,658.32,676.83,"4,10,134",SME,2024-05-24,676.83x,Rs 235,Rs 498.75 (112.23%),Rs 171.35 (-27.09%), Rulka Electricals ...,SME,NSE,235.0,498.75,123.4,174.75,112.2340425531915
36,HOAC Foods India Limited,2024-05-24,48,5.54,NSE SME,0.0,1432.6,2556.46,2013.64,"4,52,493",SME,2024-05-24,"2,013.64x",Rs 48,Rs 139.65 (190.94%),Rs 161.75 (236.98%), Hoac Foods India L...,SME,NSE,48.0,139.65,206.25,159.4,190.9375
37,Awfis Space Solutions Limited,2024-05-30,383,598.93,"BSE, NSE",116.95,129.27,53.23,108.17,"20,74,288",Mainboard,2024-05-30,108.17x,Rs 383,Rs 402.95 (5.21%),Rs 618.35 (61.45%), AWFIS Space Soluti...,Mainboard,"NSE, BSE",383.0,432.25,12.86,625.25,63.25
38,GSM Foils Limited,2024-05-31,32,11.01,NSE SME,0.0,259.51,247.1,257.3,"1,00,816",SME,2024-05-31,257.30x,Rs 32,Rs 33.60 (5%),Rs 146.50 (357.81%), GSM Foils Ltd,SME,NSE,32.0,33.6,0.0,149.4,5.000000000000004
39,Beacon Trusteeship Limited,2024-06-04,60,32.52,NSE SME,163.86,779.38,502.49,465.2,"4,52,742",SME,2024-04-06,465.20x,Rs 60,Rs 94.50 (57.5%),Rs 76.15 (26.92%), Beacon Trusteeship...,SME,NSE,60.0,94.5,50.0,78.9,57.49999999999999
40,Aimtron Electronics Limited,2024-06-06,161,87.02,NSE SME,69.93,202.74,71.62,99.24,"1,60,563",SME,2024-06-06,99.24x,Rs 161,Rs 253.05 (57.17%),Rs 556.25 (245.5%), Aimtron Electronic...,SME,NSE,161.0,253.05,49.69,576.95,57.173913043478265
41,Associated Coaters Limited,2024-06-06,121,5.11,BSE SME,0.0,239.63,494.99,371.14,"1,31,588",SME,2024-06-06,371.14x,Rs 121,Rs 134.90 (11.49%),Rs 103.28 (-14.64%), Associated Coaters...,SME,BSE,121.0,134.9,17.36,108.44,-10.38
42,TBI Corn Limited,2024-06-07,94,44.94,NSE SME,81.41,516.5,523.29,231.21,"2,58,158",SME,2024-07-06,231.21x,Rs 94,Rs 207.90 (121.17%),Rs 99.90 (6.28%), TBI Corn Ltd,SME,NSE,94.0,207.9,110.64,101.85,121.17021276595746
43,Kronox Lab Sciences Limited,2024-06-10,136,130.15,"BSE, NSE",89.03,301.92,54.24,117.25,"15,28,029",Mainboard,2024-10-06,117.25x,Rs 136,Rs 151.35 (11.29%),Rs 141.35 (3.93%), Kronox Lab Science...,Mainboard,"NSE, BSE",136.0,165.0,21.32,143.6,5.59
44,3C IT Solutions & Telecoms (India) Limited,2024-06-12,52,11.44,BSE SME,0.0,10.63,29.79,20.21,18722,SME,2024-12-06,20.21x,Rs 52,Rs 45.16 (-13.15%),Rs 29.18 (-43.88%), 3C IT Solutions & ...,SME,BSE,52.0,45.16,-17.29,28.19,-45.79
45,Sattrix Information Security Limited,2024-06-12,121,21.78,BSE SME,0.0,87.88,37.76,70.44,44837,SME,2024-12-06,70.44x,Rs 121,Rs 157.50 (30.17%),Rs 178.30 (47.36%), Sattrix Informatio...,SME,BSE,121.0,157.5,23.97,174.75,44.42
46,Magenta Lifecare Limited,2024-06-12,35,7.0,BSE SME,0.0,1145.78,778.41,983.19,"2,36,923",SME,2024-12-06,983.19x,Rs 35,Rs 47.25 (35%),Rs 16.93 (-51.63%), Magenta Lifecare L...,SME,BSE,35.0,47.25,28.57,16.21,-53.69
47,Le Travenues Technology Ltd,2024-06-18,93,740.1,"BSE, NSE",106.73,110.25,53.95,98.1,"26,55,149",Mainboard,2024-06-18,98.10x,Rs 93,Rs 165.72 (78.19%),Rs 175.75 (88.98%), Le Travenues Techn...,Mainboard,"NSE, BSE",93.0,135.0,45.16,177.05,90.38
48,United Cotfab Limited,2024-06-24,70,36.29,BSE SME,0.0,114.71,77.22,107.16,"1,14,473",SME,2024-06-24,107.16x,Rs 70,Rs 78.75 (12.5%),Rs 28.75 (-58.93%), United Heat Transf...,SME,NSE,59.0,63.95,3.31,55.0,8.389830508474581
49,United Cotfab Limited,2024-06-24,70,36.29,BSE SME,0.0,114.71,77.22,107.16,"1,14,473",SME,2024-06-24,107.16x,Rs 70,Rs 78.75 (12.5%),Rs 28.75 (-58.93%), United Cotfab Ltd,SME,BSE,70.0,78.75,7.14,29,-58.57
50,GP Eco Solutions India Limited,2024-06-24,94,30.79,NSE SME,236.64,1824.87,793.2,856.21,"6,82,151",SME,2024-06-24,856.21x,Rs 94,Rs 393.75 (318.88%),Rs 325.00 (245.74%), GP Eco Solutions I...,SME,NSE,94.0,393.75,298.94,308.25,318.8829787234043
51,GEM Enviro Management Limited,2024-06-26,75,44.93,BSE SME,160.22,462.89,240.25,265.13,"3,17,929",SME,2024-06-26,265.13x,Rs 75,Rs 149.62 (99.49%),Rs 72.70 (-3.07%), Gem Enviro Managem...,SME,BSE,75.0,149.62,90.0,72.24,-3.68
52,DEE Development Engineers Limited,2024-06-26,203,418.01,"BSE, NSE",206.54,149.38,23.66,103.03,"21,04,858",Mainboard,2024-06-26,103.03x,Rs 203,Rs 335.32 (65.18%),Rs 235.15 (15.84%), DEE Development En...,Mainboard,"NSE, BSE",203.0,325.0,60.1,238.6,17.54
53,Durlax Top Surface Limited,2024-06-26,68,40.8,NSE SME,48.29,415.06,193.95,166.79,"1,93,949",SME,2024-06-26,166.79x,Rs 68,Rs 103.55 (52.28%),Rs 52.00 (-23.53%), Durlax Top Surface...,SME,NSE,68.0,103.55,60.29,52.8,52.27941176470588
54,Falcon Technoprojects India Limited,2024-06-26,92,13.69,NSE SME,0.0,45.02,82.72,65.32,48723,SME,2024-06-26,65.32x,Rs 92,Rs 88.20 (-4.13%),Rs 28.00 (-69.57%), Falcon Technoproje...,SME,NSE,92.0,88.2,-8.7,28.6,-4.130434782608693
55,Akme Fintrade India Ltd,2024-06-26,120,132.0,"BSE, NSE",28.12,129.98,44.58,54.49,"12,18,115",Mainboard,2024-06-26,54.49x,Rs 120,Rs 133.35 (11.12%),Rs 7.15 (-40.42%), Akme Fintrade (Ind...,Mainboard,"NSE, BSE",120.0,125.7,4.75,7.22,-93.98
56,Dindigul Farm Product Limited,2024-06-27,54,34.83,BSE SME,145.62,280.06,201.44,202.35,"2,67,572",SME,2024-06-27,202.35x,Rs 54,Rs 107.73 (99.5%),Rs 29.25 (-45.83%), Dindigul Farm Prod...,SME,BSE,54.0,107.73,90.0,29.83,-44.76
57,Winny Immigration and Education Services Ltd,2024-06-27,140,9.13,NSE SME,0.0,109.65,190.66,154.67,58915,SME,2024-06-27,154.67x,Rs 140,Rs 252.00 (80%),Rs 175.60 (25.43%), Winny Immigration ...,SME,NSE,140.0,252.0,71.43,170.0,80.0
58,Stanley Lifestyles Limited,2024-06-28,369,537.02,"BSE, NSE",215.62,121.42,19.08,97.16,"21,56,995",Mainboard,2024-06-28,97.16x,Rs 369,Rs 474.75 (28.66%),Rs 363.50 (-1.49%), Stanley Lifestyles...,Mainboard,"NSE, BSE",369.0,499.0,35.23,358.95,-2.72
59,Medicamen Organics Limited,2024-06-28,34,10.54,NSE SME,173.03,1343.83,1309.77,993.56,"3,36,611",SME,2024-06-28,993.56x,Rs 34,Rs 144.70 (325.59%),Rs 27.65 (-18.68%), Medicamen Organics...,SME,NSE,34.0,144.7,305.44,28.2,325.5882352941176
60,Nephro Care India Limited,2024-07-05,90,41.26,NSE SME,245.14,1787.19,634.12,715.78,"5,72,611",SME,2024-05-07,715.78x,Rs 90,Rs 179.55 (99.5%),Rs 144.15 (60.17%), Nephro Care India ...,SME,NSE,90.0,179.55,90.0,143.0,99.5
61,Emcure Pharmaceuticals Limited,2024-07-10,1008,1952.03,"BSE, NSE",191.24,49.32,7.36,67.87,"28,45,226",Mainboard,2024-10-07,67.87x,"Rs 1,008","Rs 1,359.15 (34.84%)","Rs 1,065.90 (5.74%)", Emcure Pharmaceuti...,Mainboard,"NSE, BSE",1008.0,1325.05,31.45,1063.8,5.54
62,Bansal Wire Industries Limited,2024-07-10,256,745.0,"BSE, NSE",153.86,54.21,14.37,62.76,"21,59,874",Mainboard,2024-10-07,62.76x,Rs 256,Rs 350.35 (36.86%),Rs 392.90 (53.48%), Bansal Wire Indust...,Mainboard,"NSE, BSE",256.0,352.05,37.52,396.85,55.02
63,Ambey Laboratories Limited,2024-07-11,68,44.68,NSE SME,61.9,324.22,195.06,173.18,"2,13,007",SME,2024-11-07,173.18x,Rs 68,Rs 89.25 (31.25%),Rs 38.75 (-43.01%), Ambey Laboratories...,SME,NSE,68.0,89.25,25.0,38.0,31.25
64,Effwa Infra & Research Limited,2024-07-12,82,51.27,NSE SME,166.56,477.27,323.81,313.65,"4,61,456",SME,2024-12-07,313.65x,Rs 82,Rs 163.55 (99.45%),Rs 242.45 (195.67%), Effwa Infra & Rese...,SME,NSE,82.0,163.55,90.0,234.15,99.45121951219514
65,Ganesh Green Bharat Limited,2024-07-12,190,125.23,NSE SME,154.5,470.44,176.88,229.92,"6,39,229",SME,2024-12-07,229.92x,Rs 190,Rs 398.00 (109.47%),Rs 417.70 (119.84%), Ganesh Infraworld ...,SME,NSE,83.0,165.55,90.0,189.75,99.4578313253012
66,Ganesh Green Bharat Limited,2024-07-12,190,125.23,NSE SME,154.5,470.44,176.88,229.92,"6,39,229",SME,2024-12-07,229.92x,Rs 190,Rs 398.00 (109.47%),Rs 417.70 (119.84%), Ganesh Green Bhara...,SME,NSE,190.0,379.05,90.0,426.05,99.5
67,Sahaj Solar Limited,2024-07-19,180,52.56,NSE SME,214.27,862.35,535.03,507.21,"6,43,638",SME,2024-07-19,507.21x,Rs 180,Rs 359.10 (99.5%),Rs 267.65 (48.69%), Sahaj Solar Ltd,SME,NSE,180.0,179.55,90.0,281.0,-0.2499999999999936
68,Aelea Commodities Limited,2024-07-22,95,51.0,BSE SME,104.22,389.87,164.95,195.83,35809,SME,2024-07-22,195.83x,Rs 95,Rs 173.25 (82.37%),Rs 183.15 (92.79%), Aelea Commodities ...,SME,BSE,95.0,173.25,73.68,183.25,92.89
69,Sati Poly Plast Limited,2024-07-22,130,17.36,NSE SME,146.0,569.52,670.62,499.13,"2,97,083",SME,2024-07-22,499.13x,Rs 130,Rs 259.35 (99.5%),Rs 89.05 (-31.5%), Sati Poly Plast Lt...,SME,NSE,130.0,259.35,90.0,89.05,99.50000000000004
70,Prizor Viztech Limited,2024-07-22,87,25.15,NSE SME,94.54,280.0,264.2,219.45,"1,58,520",SME,2024-07-22,219.45x,Rs 87,Rs 173.55 (99.48%),Rs 166.65 (91.55%), Prizor Viztech Ltd,SME,NSE,87.0,173.55,90.0,158.35,99.48275862068968
71,Three M Paper Boards Limited,2024-07-22,69,39.83,BSE SME,79.37,284.67,175.19,171.33,31464,SME,2024-07-22,171.33x,Rs 69,Rs 79.80 (15.65%),Rs 39.25 (-43.12%), Three M Paper Boar...,SME,BSE,69.0,79.8,10.14,41.05,-40.51
72,Tunwal E-Motors Limited,2024-07-23,59,115.64,NSE SME,0.0,7.61,16.64,12.31,77458,SME,2024-07-23,12.31x,Rs 59,Rs 60.80 (3.05%),Rs 31.85 (-46.02%), Tunwal E-Motors Lt...,SME,NSE,59.0,60.8,8.47,31.9,3.050847457627114
73,Kataria Industries Limited,2024-07-24,96,54.58,NSE SME,171.04,970.17,274.61,393.87,"4,32,370",SME,2024-07-24,393.87x,Rs 96,Rs 191.50 (99.48%),Rs 109.85 (14.43%), Kataria Industries...,SME,NSE,96.0,191.5,90.0,113.35,99.47916666666666
74,Macobs Technologies Limited,2024-07-24,75,19.46,NSE SME,88.92,266.7,176.87,202.32,95334,SME,2024-07-24,202.32x,Rs 75,Rs 100.80 (34.4%),Rs 165.50 (120.67%), Macobs Technologie...,SME,NSE,75.0,100.8,28.0,169.9,34.4
75,Sanstar Limited,2024-07-26,95,510.15,"BSE, NSE",145.68,136.49,24.23,82.99,"15,28,659",Mainboard,2024-07-26,82.99x,Rs 95,Rs 115.07 (21.13%),Rs 92.45 (-2.68%), Sanstar Ltd,Mainboard,"NSE, BSE",95.0,106.4,12.0,93.38,-1.71
76,RNFI Services Limited,2024-07-29,105,70.81,NSE SME,140.66,513.31,142.62,221.49,"2,64,564",SME,2024-07-29,221.49x,Rs 105,Rs 189.55 (80.52%),Rs 235.95 (124.71%), RNFI Services Ltd,SME,NSE,105.0,189.55,90.0,231.25,80.52380952380953
77,V.L.Infraprojects Limited,2024-07-30,42,18.52,NSE SME,203.73,726.56,844.22,636.17,"4,11,137",SME,2024-07-30,636.17x,Rs 42,Rs 83.75 (99.4%),Rs 46.85 (11.55%), V.L.Infraprojects ...,SME,NSE,42.0,83.75,90.0,47.1,99.40476190476193
78,VVIP Infratech Limited,2024-07-30,93,61.21,BSE SME,168.45,456.82,181.73,236.92,"2,07,834",SME,2024-07-30,236.92x,Rs 93,Rs 185.53 (99.49%),Rs 186.45 (100.48%), VVIP Infratech Ltd,SME,BSE,93.0,185.53,90.0,182.55,96.29
79,Chetana Education Limited,2024-07-31,85,45.9,NSE SME,101.22,468.42,135.11,196.87,"1,51,598",SME,2024-07-31,196.87x,Rs 85,Rs 103.80 (22.12%),Rs 107.20 (26.12%), Chetana Education ...,SME,NSE,85.0,103.8,16.35,107.7,22.117647058823525
80,Manglam Infra and Engineering Limited,2024-07-31,56,27.62,NSE SME,163.04,756.73,371.72,394.42,"2,86,970",SME,2024-07-31,394.42x,Rs 56,Rs 111.70 (99.46%),Rs 26.75 (-52.23%), Manglam Infra & En...,SME,NSE,56.0,111.7,90.0,26.25,99.46428571428572
81,Sathlokhar Synergys E&C Global Limited,2024-08-06,140,92.93,NSE SME,171.55,382.11,160.47,211.13,"3,39,228",SME,2024-06-08,211.13x,Rs 140,Rs 247.00 (76.43%),Rs 444.55 (217.54%), Sathlokhar Synergy...,SME,NSE,140.0,247.0,85.71,442.35,76.42857142857142
82,Bulkcorp International Limited,2024-08-06,105,20.78,NSE SME,104.42,251.39,362.17,264.9,"1,98,833",SME,2024-06-08,264.90x,Rs 105,Rs 136.50 (30%),Rs 63.45 (-39.57%), Bulkcorp Internati...,SME,NSE,105.0,136.5,23.81,63.6,30.0
83,Rajputana Industries Limited,2024-08-06,38,23.88,NSE SME,177.94,417.95,524.61,376.41,0,SME,2024-06-08,376.41x,Rs 38,Rs 75.80 (99.47%),Rs 77.00 (102.63%), Rajputana Biodiese...,SME,NSE,130.0,259.35,90.0,235.5,99.50000000000004
84,Rajputana Industries Limited,2024-08-06,38,23.88,NSE SME,177.94,417.95,524.61,376.41,0,SME,2024-06-08,376.41x,Rs 38,Rs 75.80 (99.47%),Rs 77.00 (102.63%), Rajputana Industri...,SME,NSE,38.0,75.8,90.0,75.1,99.4736842105263
85,Ashapura Logistics Limited,2024-08-06,144,52.66,NSE SME,128.23,289.33,174.21,185.75,"2,11,837",SME,2024-06-08,185.75x,Rs 144,Rs 175.75 (22.05%),Rs 75.15 (-47.81%), Ashapura Logistics...,SME,NSE,144.0,175.75,28.47,74.05,22.04861111111111
86,Akums Drugs and Pharmaceuticals Limited,2024-08-06,679,1856.74,"BSE, NSE",90.09,42.1,20.8,63.44,"23,44,029",Mainboard,2024-06-08,63.44x,Rs 679,Rs 796.25 (17.27%),Rs 560.60 (-17.44%), Akums Drugs & Phar...,Mainboard,"NSE, BSE",679.0,725.0,6.77,546.5,-19.51
87,Kizi Apparels Limited,2024-08-06,21,5.58,BSE SME,0.0,89.58,139.62,115.6,37137,SME,2024-06-08,115.60x,Rs 21,Rs 24.30 (15.71%),Rs 21.60 (2.86%), Kizi Apparels Ltd,SME,BSE,21.0,24.3,10.24,24.18,15.14
88,Utssav Cz Gold Jewels Limited,2024-08-07,110,69.5,NSE SME,36.43,64.47,46.71,47.58,81742,SME,2024-07-08,47.58x,Rs 110,Rs 115.55 (5.05%),Rs 243.70 (121.55%), Utssav CZ Gold Jew...,SME,NSE,110.0,115.55,0.05,258.25,5.045454545454542
89,Dhariwalcorp Limited,2024-08-08,106,25.15,NSE SME,76.93,279.17,183.89,174.95,"1,22,286",SME,2024-08-08,174.95x,Rs 106,Rs 142.50 (34.43%),Rs 151.25 (42.69%), Dhariwalcorp Ltd,SME,NSE,106.0,142.5,41.51,154.5,34.43396226415094
90,Ceigall India Limited,2024-08-08,401,1252.66,"BSE, NSE",31.26,14.83,3.82,14.01,"11,28,173",Mainboard,2024-08-08,14.01x,Rs 401,Rs 386.75 (-3.55%),Rs 260.00 (-35.16%), Ceigall India Ltd,Mainboard,"NSE, BSE",401.0,413.0,2.99,257.45,-35.8
91,Ola Electric Mobility Limited,2024-08-09,76,6145.56,"BSE, NSE",5.53,2.51,4.05,4.45,"13,47,824",Mainboard,2024-09-08,4.45x,Rs 76,Rs 91.20 (20%),Rs 52.08 (-31.47%), Ola Electric Mobil...,Mainboard,"NSE, BSE",76.0,75.99,-0.01,52.13,-31.41
92,Afcom Holdings Limited,2024-08-09,108,73.83,BSE SME,186.23,697.88,202.83,303.03,"6,23,521",SME,2024-09-08,303.03x,Rs 108,Rs 215.45 (99.49%),Rs 661.45 (512.45%), Afcom Holdings Ltd,SME,BSE,108.0,215.45,90.0,683.2,532.59
93,Brainbees Solutions Limited,2024-08-13,465,4193.73,"BSE, NSE",19.3,4.68,2.31,12.22,"5,73,431",Mainboard,2024-08-13,12.22x,Rs 465,Rs 679.10 (46.04%),Rs 349.25 (-24.89%), Brainbees Solution...,Mainboard,"NSE, BSE",465.0,625.0,34.41,358.8,-22.84
94,Unicommerce eSolutions Limited,2024-08-13,108,276.57,"BSE, NSE",138.75,252.46,130.99,168.35,"21,88,405",Mainboard,2024-08-13,168.35x,Rs 108,Rs 210.08 (94.52%),Rs 134.95 (24.95%), Unicommerce eSolut...,Mainboard,"NSE, BSE",108.0,230.0,112.96,136.45,26.34
95,Aesthetik Engineers Limited,2024-08-16,58,26.47,NSE SME,207.31,1933.96,461.58,705.26,"3,50,343",SME,2024-08-16,705.26x,Rs 58,Rs 115.70 (99.48%),Rs 73.75 (27.16%), Aesthetik Engineer...,SME,NSE,58.0,115.7,90.0,73.5,99.48275862068968
96,Saraswati Saree Depot Limited,2024-08-20,160,160.01,"BSE, NSE",64.12,358.47,61.59,107.39,"21,70,552",Mainboard,2024-08-20,107.39x,Rs 160,Rs 203.70 (27.31%),Rs 93.83 (-41.36%), Saraswati Saree De...,Mainboard,"NSE, BSE",160.0,200.0,25.0,94.79,-40.76
97,Positron Energy Limited,2024-08-20,250,51.21,NSE SME,231.41,805.84,351.9,414.86,"3,99,755",SME,2024-08-20,414.86x,Rs 250,Rs 498.75 (99.5%),Rs 366.25 (46.5%), Positron Energy Lt...,SME,NSE,250.0,498.75,90.0,363.1,99.5
98,Sunlite Recycling Industries Limited,2024-08-20,105,30.24,NSE SME,109.05,584.1,252.0,282.45,"2,00,844",SME,2024-08-20,282.45x,Rs 105,Rs 209.45 (99.48%),Rs 117.00 (11.43%), Sunlite Recycling ...,SME,NSE,105.0,209.45,90.0,117.95,99.47619047619048
99,Broach Lifecare Hospital Limited,2024-08-21,25,4.02,BSE SME,0.0,88.5,226.32,159.11,45285,SME,2024-08-21,159.11x,Rs 25,Rs 49.87 (99.48%),Rs 19.99 (-20.04%), Broach Lifecare Ho...,SME,BSE,25.0,49.87,90.0,19.88,-20.48
100,Solve Plastic Products Limited,2024-08-21,91,11.85,NSE SME,0.0,19.47,46.76,34.23,24080,SME,2024-08-21,34.23x,Rs 91,Rs 107.10 (17.69%),Rs 34.65 (-61.92%), Solve Plastic Prod...,SME,NSE,91.0,107.1,12.09,34.65,17.692307692307686
101,Brace Port Logistics Limited,2024-08-26,80,24.41,NSE SME,450.04,854.49,588.74,657.81,"4,41,557",SME,2024-08-26,657.81x,Rs 80,Rs 167.55 (109.44%),Rs 94.50 (18.12%), Brace Port Logisti...,SME,NSE,80.0,159.6,90.0,94.5,99.5
102,Forcas Studio Limited,2024-08-26,80,37.44,NSE SME,205.39,701.85,415.82,416.99,"4,04,590",SME,2024-08-26,416.99x,Rs 80,Rs 144.40 (80.5%),Rs 93.00 (16.25%), Forcas Studio Ltd,SME,NSE,80.0,144.4,90.0,95.7,80.5
103,Interarch Building Products Limited,2024-08-26,900,600.29,"BSE, NSE",197.29,130.91,19.46,93.79,"24,37,913",Mainboard,2024-08-26,93.79x,Rs 900,"Rs 1,196.45 (32.94%)","Rs 1,804.25 (100.47%)", Interarch Building...,Mainboard,"NSE, BSE",900.0,1291.2,43.47,1811.15,101.24
104,Orient Technologies Limited,2024-08-28,206,214.76,"BSE, NSE",188.79,310.03,68.93,154.84,"29,23,835",Mainboard,2024-08-28,154.84x,Rs 206,Rs 302.40 (46.8%),Rs 369.20 (79.22%), Orient Technologie...,Mainboard,"NSE, BSE",206.0,290.0,40.78,355.5,72.57
105,QVC Exports Limited,2024-08-28,86,24.07,NSE SME,0.0,596.57,418.64,535.0,"3,47,890",SME,2024-08-28,535.00x,Rs 86,Rs 152.95 (77.85%),Rs 32.20 (-62.56%), QVC Exports Ltd,SME,NSE,86.0,152.95,87.21,33.8,77.84883720930232
106,Ideal Technoplast Industries Limited,2024-08-28,121,16.03,NSE SME,0.0,108.49,115.57,116.75,72694,SME,2024-08-28,116.75x,Rs 121,Rs 138.70 (14.63%),Rs 136.30 (12.64%), Ideal Technoplast ...,SME,NSE,121.0,138.7,9.17,136.3,14.62809917355371
107,Rapid Multimodal Logistics Limited,2024-08-30,84,8.49,BSE SME,0.0,512.8,172.55,350.5,63508,SME,2024-08-30,350.50x,Rs 84,Rs 108.10 (28.69%),Rs 51.00 (-39.29%), Rapid Fleet Manage...,SME,NSE,192.0,200.9,1.56,209.5,4.63541666666667
108,Rapid Multimodal Logistics Limited,2024-08-30,84,8.49,BSE SME,0.0,512.8,172.55,350.5,63508,SME,2024-08-30,350.50x,Rs 84,Rs 108.10 (28.69%),Rs 51.00 (-39.29%), Rapid Multimodal L...,SME,BSE,84.0,108.1,22.62,51.99,-38.11
109,Resourceful Automobile Limited,2024-08-29,117,11.99,BSE SME,0.0,315.61,496.22,418.82,"2,48,114",SME,2024-08-29,418.82x,Rs 117,Rs 122.85 (5%),Rs 73.00 (-37.61%), Resourceful Automo...,SME,BSE,117.0,122.85,0.0,76.33,-34.76
110,Paramatrix Technologies Limited,2024-09-04,110,33.84,NSE SME,0.0,6.23,11.86,9.21,14432,SME,2024-04-09,9.21x,Rs 110,Rs 120.80 (9.82%),Rs 91.00 (-17.27%), Paramatrix Technol...,SME,NSE,110.0,120.8,4.59,91.0,9.818181818181817
111,ECOS (India) Mobility & Hospitality Limited,2024-09-04,334,601.2,"BSE, NSE",136.85,71.17,19.66,64.18,"24,96,399",Mainboard,2024-04-09,64.18x,Rs 334,Rs 443.15 (32.68%),Rs 213.60 (-36.05%), Ecos (India) Mobil...,Mainboard,"NSE, BSE",334.0,391.3,17.16,222.5,-33.38
112,Aeron Composite Limited,2024-09-04,125,56.1,NSE SME,27.82,75.53,33.77,41.07,47889,SME,2024-04-09,41.07x,Rs 125,Rs 157.50 (26%),Rs 142.85 (14.28%), Aeron Composites L...,SME,NSE,125.0,157.5,20.0,142.65,26.0
113,Travels & Rentals Limited,2024-09-05,40,12.24,BSE SME,0.0,754.64,429.9,608.46,"2,58,337",SME,2024-05-09,608.46x,Rs 40,Rs 57.75 (44.38%),Rs 55.03 (37.58%), Travels & Rentals ...,SME,BSE,40.0,57.75,37.5,57.78,44.45
114,Baazar Style Retail Limited,2024-09-06,389,834.68,"BSE, NSE",81.83,59.41,9.07,40.63,"16,29,583",Mainboard,2024-06-09,40.63x,Rs 389,Rs 400.00 (2.83%),Rs 297.80 (-23.44%), Baazar Style Retai...,Mainboard,"NSE, BSE",389.0,389.0,0.0,285.4,-26.63
115,Boss Packaging Solutions Limited,2024-09-06,66,8.41,NSE SME,0.0,103.8,165.29,136.21,49919,SME,2024-06-09,136.21x,Rs 66,Rs 86.60 (31.21%),Rs 54.50 (-17.42%), Boss Packaging Sol...,SME,NSE,66.0,86.6,25.0,49.1,31.212121212121204
116,Jeyyam Global Foods Limited,2024-09-09,61,81.94,NSE SME,54.62,321.82,70.43,119.41,"1,57,278",SME,2024-09-09,119.41x,Rs 61,Rs 64.05 (5%),Rs 35.60 (-41.64%), Jeyyam Global Food...,SME,NSE,61.0,64.05,0.0,35.7,4.999999999999996
117,Gala Precision Engineering Limited,2024-09-09,529,167.93,"BSE, NSE",232.54,414.62,91.95,201.41,"34,44,648",Mainboard,2024-09-09,201.41x,Rs 529,Rs 757.15 (43.13%),Rs 880.10 (66.37%), Gala Precision Eng...,Mainboard,"NSE, BSE",529.0,750.0,41.78,906.0,71.27
118,Naturewings Holidays Limited,2024-09-10,74,7.03,BSE SME,0.0,270.65,487.17,383.48,"2,14,072",SME,2024-10-09,383.48x,Rs 74,Rs 90.25 (21.96%),Rs 65.20 (-11.89%), Naturewings Holida...,SME,BSE,74.0,90.25,28.38,68.46,-7.49
119,Mach Conferences and Events Limited,2024-09-11,225,125.28,BSE SME,146.66,403.69,136.49,196.7,"4,73,481",SME,2024-11-09,196.70x,Rs 225,Rs 295.55 (31.36%),Rs 212.65 (-5.49%), Mach Conferences &...,SME,BSE,225.0,295.55,33.33,218.4,-2.93
120,Namo eWaste Management Limited,2024-09-11,85,51.2,NSE SME,151.75,394.2,195.54,225.64,"2,44,812",SME,2024-11-09,225.64x,Rs 85,Rs 169.55 (99.47%),Rs 164.00 (92.94%), Namo eWaste Manage...,SME,NSE,85.0,169.55,90.0,161.0,99.47058823529412
121,My Mudra Fincorp Limited,2024-09-12,110,33.26,NSE SME,48.83,159.37,108.77,102.48,91147,SME,2024-12-09,102.48x,Rs 110,Rs 123.50 (12.27%),Rs 74.00 (-32.73%), My Mudra Fincorp L...,SME,NSE,110.0,123.5,18.18,80.5,12.272727272727272
122,Shree Tirupati Balajee Agro Trading Company Limited,2024-09-12,83,169.65,"BSE, NSE",150.87,210.12,73.22,124.74,"27,36,926",Mainboard,2024-12-09,124.74x,Rs 83,Rs 94.50 (13.86%),Rs 46.26 (-44.27%), Shree Tirupati Bal...,Mainboard,"NSE, BSE",83.0,92.9,11.93,46.49,-43.99
123,Vision Infra Equipment Solutions Limited,2024-09-13,163,106.21,NSE SME,60.94,180.39,24.14,68.14,65269,SME,2024-09-13,68.14x,Rs 163,Rs 215.25 (32.06%),Rs 151.20 (-7.24%), Vision Infra Equip...,SME,NSE,163.0,215.25,25.77,158.65,32.055214723926376
124,Bajaj Housing Finance Limited,2024-09-16,70,6560.0,"BSE, NSE",222.05,43.98,7.41,67.43,"89,07,250",Mainboard,2024-09-16,67.43x,Rs 70,Rs 165.00 (135.71%),Rs 122.95 (75.64%), Bajaj Housing Fina...,Mainboard,"NSE, BSE",70.0,150.0,114.29,123.95,77.07
125,Tolins Tyres Limited,2024-09-16,226,230.0,"BSE, NSE",26.72,28.8,22.45,25.03,"13,59,828",Mainboard,2024-09-16,25.03x,Rs 226,Rs 239.40 (5.93%),Rs 130.65 (-42.19%), Tolins Tyres Ltd,Mainboard,"NSE, BSE",226.0,227.0,0.44,132.6,-41.33
126,Aditya Ultra Steel Limited,2024-09-16,62,45.88,NSE SME,1.21,12.16,23.26,10.58,28637,SME,2024-09-16,10.58x,Rs 62,Rs 66.40 (7.1%),Rs 28.60 (-53.87%), Aditya Ultra Steel...,SME,NSE,62.0,66.4,12.74,29.15,7.096774193548397
127,Kross Limited,2024-09-16,240,500.0,"BSE, NSE",24.55,23.4,11.26,17.66,"13,38,438",Mainboard,2024-09-16,17.66x,Rs 240,Rs 259.81 (8.25%),Rs 174.35 (-27.35%), Kross Ltd,Mainboard,"NSE, BSE",240.0,240.0,0.0,174.85,-27.15
128,Shubhshree Biofuels Energy Limited,2024-09-16,119,16.56,NSE SME,31.32,245.74,135.65,132.89,52361,SME,2024-09-16,132.89x,Rs 119,Rs 198.45 (66.76%),Rs 370.45 (211.3%), Shubhshree Biofuel...,SME,NSE,119.0,198.45,58.82,368.0,66.76470588235294
129,Share Samadhan Limited,2024-09-16,74,24.06,BSE SME,2.66,22.44,18.04,14.59,19197,SME,2024-09-16,14.59x,Rs 74,Rs 74.87 (1.18%),Rs 79.29 (7.15%), Share Samadhan Ltd,SME,BSE,74.0,74.87,-1.28,77.17,4.28
130,Gajanand International Limited,2024-09-16,36,20.65,NSE SME,0.0,5.79,24.18,15.27,21955,SME,2024-09-16,15.27x,Rs 36,Rs 39.90 (10.83%),Rs 15.60 (-56.67%), Gajanand Internati...,SME,NSE,36.0,39.9,16.67,15.6,10.83333333333333
131,P N Gadgil Jewellers Limited,2024-09-17,480,1100.0,"BSE, NSE",136.85,56.08,16.58,59.41,"39,86,537",Mainboard,2024-09-17,59.41x,Rs 480,Rs 793.30 (65.27%),Rs 567.60 (18.25%), P N Gadgil Jewelle...,Mainboard,"NSE, BSE",480.0,834.0,73.75,543.4,13.21
133,SPP Polymer Limited,2024-09-17,59,24.49,NSE SME,0.0,22.35,59.87,43.29,58975,SME,2024-09-17,43.29x,Rs 59,Rs 59.85 (1.44%),Rs 18.55 (-68.56%), SPP Polymer Ltd,SME,NSE,59.0,59.85,6.78,18.8,1.4406779661016973
134,SPP Polymer Limited,2024-09-17,59,24.49,NSE SME,0.0,22.35,59.87,43.29,58975,SME,2024-09-17,43.29x,Rs 59,Rs 59.85 (1.44%),Rs 18.55 (-68.56%), SPP Polymer Ltd,SME,NSE,59.0,59.85,6.78,18.8,1.4406779661016973
135,Excellent Wires and Packaging Limited,2024-09-19,90,12.6,NSE SME,0.0,8.75,32.0,20.37,13278,SME,2024-09-19,20.37x,Rs 90,Rs 77.95 (-13.39%),Rs 49.80 (-44.67%), Excellent Wires an...,SME,NSE,90.0,82.05,-5.56,47.75,-8.833333333333336
136,Innomet Advanced Materials Limited,2024-09-18,100,34.24,NSE SME,0.0,367.77,226.97,323.92,"3,07,543",SME,2024-09-18,323.92x,Rs 100,Rs 199.50 (99.5%),Rs 165.50 (65.5%), Innomet Advanced M...,SME,NSE,100.0,199.5,90.0,181.15,99.5
137,Sodhani Academy of Fintech Enablers Limited,2024-09-23,40,6.12,BSE SME,0.0,511.34,358.47,438.72,"1,39,460",SME,2024-09-23,438.72x,Rs 40,Rs 55.65 (39.12%),Rs 273.00 (582.5%), Sodhani Academy of...,SME,BSE,40.0,55.65,32.5,273.5,583.75
138,Western Carriers (India) Limited,2024-09-24,172,492.88,"BSE, NSE",28.81,46.68,26.92,31.69,"28,87,712",Mainboard,2024-09-24,31.69x,Rs 172,Rs 159.44 (-7.3%),Rs 82.22 (-52.2%), Western Carriers (...,Mainboard,"NSE, BSE",172.0,170.0,-1.16,84.12,-51.09
139,Western Carriers (India) Limited,2024-09-24,172,492.88,"BSE, NSE",28.81,46.68,26.92,31.69,"28,87,712",Mainboard,2024-09-24,31.69x,Rs 172,Rs 159.44 (-7.3%),Rs 82.22 (-52.2%), Western Carriers (...,Mainboard,"NSE, BSE",172.0,170.0,-1.16,84.12,-51.09
140,Envirotech Systems Limited,2024-09-24,56,30.24,NSE SME,68.12,187.14,64.16,91.67,52807,SME,2024-09-24,91.67x,Rs 56,Rs 111.70 (99.46%),Rs 108.70 (94.11%), Envirotech Systems...,SME,NSE,56.0,111.7,90.0,106.3,99.46428571428572
141,Deccan Transcon Leasing Limited,2024-09-24,108,65.06,NSE SME,42.07,147.76,127.18,102.6,"2,11,219",SME,2024-09-24,102.60x,Rs 108,Rs 110.25 (2.08%),Rs 47.90 (-55.65%), Deccan Transcon Le...,SME,NSE,108.0,110.25,7.41,47.5,2.083333333333333
142,Popular Foundations Limited,2024-09-24,37,19.87,BSE SME,0.0,3.54,14.89,9.21,23785,SME,2024-09-24,9.21x,Rs 37,Rs 37.07 (0.19%),Rs 30.30 (-18.11%), Popular Foundation...,SME,BSE,37.0,37.07,0.0,30.2,-18.38
143,Popular Foundations Limited,2024-09-24,37,19.87,BSE SME,0.0,3.54,14.89,9.21,23785,SME,2024-09-24,9.21x,Rs 37,Rs 37.07 (0.19%),Rs 30.30 (-18.11%), Popular Foundation...,SME,BSE,37.0,37.07,0.0,30.2,-18.38
144,Arkade Developers Limited,2024-09-24,128,410.0,"BSE, NSE",172.6,172.22,53.78,113.49,"50,34,489",Mainboard,2024-09-24,113.49x,Rs 128,Rs 165.86 (29.58%),Rs 164.10 (28.2%), Arkade Developers ...,Mainboard,"NSE, BSE",128.0,175.9,37.42,164.65,28.63
145,Arkade Developers Limited,2024-09-24,128,410.0,"BSE, NSE",172.6,172.22,53.78,113.49,"50,34,489",Mainboard,2024-09-24,113.49x,Rs 128,Rs 165.86 (29.58%),Rs 164.10 (28.2%), Arkade Developers ...,Mainboard,"NSE, BSE",128.0,175.9,37.42,164.65,28.63
146,Osel Devices Limited,2024-09-24,160,70.66,NSE SME,78.01,321.4,206.07,194.24,"3,78,345",SME,2024-09-24,194.24x,Rs 160,Rs 207.95 (29.97%),Rs 234.45 (46.53%), OSEL Devices Ltd,SME,NSE,160.0,207.95,23.78,246.15,29.968749999999996
147,Northern Arc Capital Limited,2024-09-24,263,777.0,"BSE, NSE",242.73,147.58,32.01,117.19,"52,56,107",Mainboard,2024-09-24,117.19x,Rs 263,Rs 323.40 (22.97%),Rs 215.75 (-17.97%), Northern ARC Capit...,Mainboard,"NSE, BSE",263.0,351.0,33.46,215.2,-18.17
148,Northern Arc Capital Limited,2024-09-24,263,777.0,"BSE, NSE",242.73,147.58,32.01,117.19,"52,56,107",Mainboard,2024-09-24,117.19x,Rs 263,Rs 323.40 (22.97%),Rs 215.75 (-17.97%), Northern ARC Capit...,Mainboard,"NSE, BSE",263.0,351.0,33.46,215.2,-18.17
149,Pelatro Limited,2024-09-24,200,55.98,NSE SME,15.22,55.31,12.58,21.94,19151,SME,2024-09-24,21.94x,Rs 200,Rs 288.75 (44.38%),Rs 365.00 (82.5%), Pelatro Ltd,SME,NSE,200.0,288.75,37.5,363.0,44.375
150,Paramount Speciality Forgings Limited,2024-09-25,59,32.34,NSE SME,20.88,220.24,41.35,73.88,37714,SME,2024-09-25,73.88x,Rs 59,Rs 87.15 (47.71%),Rs 49.35 (-16.36%), Paramount Dye Tec ...,SME,NSE,117.0,107.05,-6.07,56.0,-8.504273504273508
151,Paramount Speciality Forgings Limited,2024-09-25,59,32.34,NSE SME,20.88,220.24,41.35,73.88,37714,SME,2024-09-25,73.88x,Rs 59,Rs 87.15 (47.71%),Rs 49.35 (-16.36%), Paramount Speciali...,SME,NSE,59.0,87.15,40.68,49.35,47.71186440677967
152,Kalana Ispat Limited,2024-09-26,66,32.59,NSE SME,0.0,40.69,74.54,59.92,87403,SME,2024-09-26,59.92x,Rs 66,Rs 47.40 (-28.18%),Rs 46.35 (-29.77%), Kalana Ispat Ltd,SME,NSE,66.0,47.4,-31.59,48.25,-28.181818181818187
153,BikeWo GreenTech Limited,2024-09-27,62,24.09,NSE SME,43.03,22.48,61.04,41.82,53474,SME,2024-09-27,41.82x,Rs 62,Rs 47.25 (-23.79%),Rs 16.40 (-73.55%), Bikewo Green Tech ...,SME,NSE,62.0,47.25,-27.42,16.4,-23.790322580645164
154,Phoenix Overseas Limited,2024-09-27,64,36.03,NSE SME,65.74,109.71,148.43,119.22,"1,66,682",SME,2024-09-27,119.22x,Rs 64,Rs 60.80 (-5%),Rs 25.60 (-60%), Phoenix Overseas L...,SME,NSE,64.0,60.8,0.0,26.85,-5.000000000000004
155,Avi Ansh Textile Limited,2024-09-27,62,25.99,NSE SME,0.0,5.25,11.38,8.32,11327,SME,2024-09-27,8.32x,Rs 62,Rs 71.15 (14.76%),Rs 102.50 (65.32%), Avi Ansh Textile L...,SME,NSE,62.0,71.15,9.68,104.0,14.75806451612904
156,WOL 3D India Limited,2024-09-30,150,25.56,NSE SME,101.24,748.81,368.47,373.86,"2,08,553",SME,2024-09-30,373.86x,Rs 150,Rs 189.05 (26.03%),Rs 128.00 (-14.67%), WOL 3D India Ltd,SME,NSE,150.0,189.05,20.03,132.0,26.033333333333346
157,Rappid Valves (India) Limited,2024-09-30,222,30.41,NSE SME,55.97,491.49,109.09,176.06,82798,SME,2024-09-30,176.06x,Rs 222,Rs 309.35 (39.35%),Rs 268.80 (21.08%), Rappid Valves Indi...,SME,NSE,222.0,309.35,40.54,268.45,39.34684684684686
158,Manba Finance Limited,2024-09-30,120,150.84,"BSE, NSE",148.55,511.62,143.95,224.05,"31,31,623",Mainboard,2024-09-30,224.05x,Rs 120,Rs 157.45 (31.21%),Rs 135.20 (12.67%), Manba Finance Ltd,Mainboard,"NSE, BSE",120.0,150.0,25.0,136.15,13.46
159,Divyadhan Recycling Industries Limited,2024-10-04,64,24.17,NSE SME,29.39,76.03,32.43,40.93,20304,SME,2024-04-10,40.93x,Rs 64,Rs 88.20 (37.81%),Rs 40.20 (-37.19%), Divyadhan Recyclin...,SME,NSE,64.0,88.2,31.25,38.2,37.81250000000001
160,Sahasra Electronics Solutions Limited,2024-10-04,283,186.16,NSE SME,100.8,260.46,74.85,122.06,"4,09,255",SME,2024-04-10,122.06x,Rs 283,Rs 564.55 (99.49%),Rs 346.65 (22.49%), Sahasra Electronic...,SME,NSE,283.0,564.55,90.0,353.55,99.4876325088339
161,Forge Auto International Limited,2024-10-04,108,31.1,NSE SME,20.13,58.55,61.95,49.28,49440,SME,2024-04-10,49.28x,Rs 108,Rs 109.35 (1.25%),Rs 76.25 (-29.4%), Forge Auto Interna...,SME,NSE,108.0,109.35,4.63,79.0,1.249999999999995
162,Diffusion Engineers Limited,2024-10-04,168,158.0,"BSE, NSE",95.74,207.6,85.61,114.5,"29,85,395",Mainboard,2024-04-10,114.50x,Rs 168,Rs 203.17 (20.93%),Rs 272.15 (61.99%), Diffusion Engineer...,Mainboard,"NSE, BSE",168.0,188.0,11.9,285.75,70.09
163,Nexxus Petro Industries Limited,2024-10-04,105,19.43,BSE SME,0.0,8.41,8.48,8.44,15608,SME,2024-04-10,8.44x,Rs 105,Rs 132.30 (26%),Rs 108.00 (2.86%), Nexxus Petro Indus...,SME,BSE,105.0,132.3,20.0,111,5.71
164,Saj Hotels Limited,2024-10-07,65,27.63,NSE SME,0.0,2.12,8.65,5.46,8724,SME,2024-07-10,5.46x,Rs 65,Rs 52.45 (-19.31%),Rs 70.50 (8.46%), Saj Hotels Ltd,SME,NSE,65.0,52.45,-15.38,72.0,-19.307692307692303
165,HVAX Technologies Limited,2024-10-07,458,33.53,NSE SME,14.02,77.92,26.69,34.16,21752,SME,2024-07-10,34.16x,Rs 458,Rs 490.35 (7.06%),Rs 607.95 (32.74%), HVAX Technologies ...,SME,NSE,458.0,490.35,6.11,610.7,7.063318777292582
166,NeoPolitan Pizza and Foods Limited,2024-10-09,20,12.0,BSE SME,0.0,20.72,42.62,32.72,35219,SME,2024-09-10,32.72x,Rs 20,Rs 20.21 (1.05%),Rs 14.70 (-26.5%), Neopolitan Pizza a...,SME,BSE,20.0,20.21,-3.75,15.48,-22.6
167,Paramount Dye Tec Limited,2024-10-08,117,28.43,NSE SME,10.22,135.31,36.26,50.09,24440,SME,2024-08-10,50.09x,Rs 117,Rs 101.70 (-13.08%),Rs 57.30 (-51.03%), Paramount Dye Tec ...,SME,NSE,117.0,107.05,-6.07,56.0,-8.504273504273508
168,Paramount Dye Tec Limited,2024-10-08,117,28.43,NSE SME,10.22,135.31,36.26,50.09,24440,SME,2024-08-10,50.09x,Rs 117,Rs 101.70 (-13.08%),Rs 57.30 (-51.03%), Paramount Speciali...,SME,NSE,59.0,87.15,40.68,49.35,47.71186440677967
169,Subam Papers Limited,2024-10-08,152,93.7,BSE SME,57.18,243.16,48.97,92.93,"1,70,555",SME,2024-08-10,92.93x,Rs 152,Rs 152.15 (0.1%),Rs 98.17 (-35.41%), Subam Papers Ltd,SME,BSE,152.0,149.1,-6.58,96.48,-36.53
170,Khyati Global Ventures Limited,2024-10-11,99,18.3,BSE SME,0.0,5.34,25.0,15.17,32765,SME,2024-11-10,15.17x,Rs 99,Rs 99.75 (0.76%),Rs 64.66 (-34.69%), Khyati Global Vent...,SME,BSE,99.0,99.75,6.06,68,-31.31
171,Garuda Construction and Engineering Limited,2024-10-15,95,264.1,"BSE, NSE",1.24,9.03,10.81,7.55,"7,05,000",Mainboard,2024-10-15,7.55x,Rs 95,Rs 106.36 (11.96%),Rs 105.71 (11.27%), Garuda Constructio...,Mainboard,"NSE, BSE",95.0,103.2,8.63,106.99,12.62
172,Shiv Texchem Limited,2024-10-15,166,101.35,BSE SME,86.7,455.58,68.27,156.55,"2,20,709",SME,2024-10-15,156.55x,Rs 166,Rs 250.95 (51.17%),Rs 274.15 (65.15%), Shiv Texchem Ltd,SME,BSE,166.0,250.95,43.98,275.65,66.05
173,Pranik Logistics Limited,2024-10-17,77,22.47,NSE SME,35.67,744.05,97.21,218.02,58715,SME,2024-10-17,218.02x,Rs 77,Rs 82.95 (7.73%),Rs 56.35 (-26.82%), Pranik Logistics L...,SME,NSE,77.0,82.95,2.6,57.95,7.727272727272731
174,Hyundai Motor India Limited,2024-10-22,1960,27870.16,"BSE, NSE",6.97,0.6,0.5,2.37,"21,49,715",Mainboard,2024-10-22,2.37x,"Rs 1,960","Rs 1,819.60 (-7.16%)","Rs 1,836.25 (-6.31%)", Hyundai Motor Indi...,Mainboard,"NSE, BSE",1960.0,1931.0,-1.48,1859.95,-5.1
175,Lakshya Powertech Limited,2024-10-23,180,49.91,NSE SME,212.18,1117.75,590.26,573.36,"6,61,089",SME,2024-10-23,573.36x,Rs 180,Rs 359.10 (99.5%),Rs 189.50 (5.28%), Lakshya Powertech ...,SME,NSE,180.0,359.1,90.0,180.05,99.5
176,Freshara Agro Exports Limited,2024-10-24,116,75.39,NSE SME,129.22,510.61,180.8,236.8,"3,10,259",SME,2024-10-24,236.80x,Rs 116,Rs 134.70 (16.12%),Rs 152.85 (31.77%), Freshara Agro Expo...,SME,NSE,116.0,134.7,16.38,160.45,16.120689655172406
177,Waaree Energies Limited,2024-10-28,1503,4321.44,"BSE, NSE",215.03,65.25,11.27,79.44,"97,34,503",Mainboard,2024-10-28,79.44x,"Rs 1,503","Rs 2,338.90 (55.62%)","Rs 2,879.90 (91.61%)", Waaree Energies Lt...,Mainboard,"NSE, BSE",1503.0,2550.0,69.66,2920.85,94.33
178,Deepak Builders & Engineers India Limited,2024-10-28,203,260.04,"BSE, NSE",13.91,82.47,39.79,41.54,"25,58,000",Mainboard,2024-10-28,41.54x,Rs 203,Rs 161.95 (-20.22%),Rs 142.70 (-29.7%), Deepak Builders & ...,Mainboard,"NSE, BSE",203.0,198.5,-2.22,142.7,-29.7
179,Premium Plast Limited,2024-10-28,49,26.2,NSE SME,6.74,19.56,65.37,38.87,49743,SME,2024-10-28,38.87x,Rs 49,Rs 48.90 (-0.2%),Rs 27.75 (-43.37%), Premium Plast Ltd,SME,NSE,49.0,48.9,5.0,29.8,-0.2040816326530641
180,Danish Power Limited,2024-10-29,380,197.9,NSE SME,104.79,275.92,79.88,126.65,"4,55,168",SME,2024-10-29,126.65x,Rs 380,Rs 598.50 (57.5%),Rs 997.40 (162.47%), Danish Power Ltd,SME,NSE,380.0,598.5,50.0,973.65,57.49999999999999
181,United Heat Transfer Limited,2024-10-29,59,30.0,NSE SME,26.56,124.72,98.93,83.7,83698,SME,2024-10-29,83.70x,Rs 59,Rs 63.95 (8.39%),Rs 54.00 (-8.47%), United Heat Transf...,SME,NSE,59.0,63.95,3.31,55.0,8.389830508474581
182,United Heat Transfer Limited,2024-10-29,59,30.0,NSE SME,26.56,124.72,98.93,83.7,83698,SME,2024-10-29,83.70x,Rs 59,Rs 63.95 (8.39%),Rs 54.00 (-8.47%), United Cotfab Ltd,SME,BSE,70.0,78.75,7.14,29,-58.57
183,OBSC Perfection Limited,2024-10-29,100,66.02,NSE SME,10.2,25.87,16.2,16.56,29617,SME,2024-10-29,16.56x,Rs 100,Rs 115.50 (15.5%),Rs 199.50 (99.5%), OBSC Perfection Lt...,SME,NSE,100.0,115.5,10.0,195.45,15.5
184,Godavari Biorefineries Limited,2024-10-30,352,554.75,"BSE, NSE",2.76,0.93,1.76,1.87,"2,02,779",Mainboard,2024-10-30,1.87x,Rs 352,Rs 343.20 (-2.5%),Rs 197.85 (-43.79%), Godavari Biorefine...,Mainboard,"NSE, BSE",352.0,310.55,-11.78,191.9,-45.48
185,Usha Financial Services Limited,2024-10-31,168,98.45,NSE SME,10.04,28.55,20.76,19.37,54359,SME,2024-10-31,19.37x,Rs 168,Rs 155.85 (-7.23%),Rs 88.25 (-47.47%), Usha Financial Ser...,SME,NSE,168.0,155.85,-2.38,90.0,-7.23214285714286
186,Afcons Infrastructure Limited,2024-11-04,463,5430.0,"BSE, NSE",3.99,5.31,0.99,2.77,"7,80,662",Mainboard,2024-04-11,2.77x,Rs 463,Rs 474.20 (2.42%),Rs 451.95 (-2.39%), Afcons Infrastruct...,Mainboard,"NSE, BSE",463.0,430.05,-7.12,467.0,0.86
187,Sagility India Limited,2024-11-12,30,2106.6,"BSE, NSE",3.52,1.93,4.16,3.2,"5,73,307",Mainboard,2024-12-11,3.20x,Rs 30,Rs 29.32 (-2.27%),Rs 44.94 (49.8%), Sagility India Ltd,Mainboard,"NSE, BSE",30.0,31.06,3.53,46.77,55.9
188,Swiggy Limited,2024-11-13,390,11327.43,"BSE, NSE",6.02,0.41,1.14,3.59,"7,15,124",Mainboard,2024-11-13,3.59x,Rs 390,Rs 456.00 (16.92%),Rs 316.15 (-18.94%), Swiggy Ltd,Mainboard,"NSE, BSE",390.0,412.0,5.64,321.15,-17.65
189,ACME Solar Holdings Limited,2024-11-13,289,2900.0,"BSE, NSE",3.72,1.02,3.25,2.89,"6,00,124",Mainboard,2024-11-13,2.89x,Rs 289,Rs 253.15 (-12.4%),Rs 235.40 (-18.55%), ACME Solar Holding...,Mainboard,"NSE, BSE",289.0,259.0,-10.38,233.85,-19.08
190,Niva Bupa Health Insurance Company Limited,2024-11-14,74,2200.0,"BSE, NSE",2.17,0.71,2.88,1.9,"3,91,443",Mainboard,2024-11-14,1.90x,Rs 74,Rs 74.00 (0%),Rs 84.53 (14.23%), Niva Bupa Health I...,Mainboard,"NSE, BSE",74.0,78.5,6.08,90.45,22.23
191,Neelam Linens and Garments (India) Ltd,2024-11-18,24,13.0,NSE SME,15.4,273.47,57.82,91.97,18698,SME,2024-11-18,91.97x,Rs 24,Rs 38.05 (58.54%),Rs 27.50 (14.58%), Neelam Linens and ...,SME,NSE,24.0,38.05,66.88,26.25,58.54166666666666
192,Mangal Compusolution Limited,2024-11-21,45,16.23,BSE SME,0.0,22.28,46.91,34.59,29461,SME,2024-11-21,34.59x,Rs 45,Rs 42.75 (-5%),Rs 39.00 (-13.33%), Mangal Compusoluti...,SME,BSE,45.0,42.75,0.0,39.62,-11.96
193,Zinka Logistics Solution Limited,2024-11-22,273,1114.72,"BSE, NSE",2.72,0.24,1.7,1.87,"1,29,071",Mainboard,2024-11-22,1.87x,Rs 273,Rs 260.20 (-4.69%),Rs 470.50 (72.34%), Zinka Logistics So...,Mainboard,"NSE, BSE",273.0,279.05,2.22,454.95,66.65
194,Onyx Biotec Limited,2024-11-22,61,29.34,NSE SME,32.49,602.86,118.26,198.0,"1,03,947",SME,2024-11-22,198.00x,Rs 61,Rs 56.75 (-6.97%),Rs 51.60 (-15.41%), Onyx Biotec Ltd,SME,NSE,61.0,56.75,-11.39,51.6,-6.967213114754098
195,NTPC Green Energy Limited,2024-11-27,108,10000.0,"BSE, NSE",3.51,0.85,3.59,2.55,"22,26,023",Mainboard,2024-11-27,2.55x,Rs 108,Rs 121.65 (12.64%),Rs 102.20 (-5.37%), NTPC Green Energy ...,Mainboard,"NSE, BSE",108.0,111.6,3.33,104.65,-3.1
196,Lamosaic India Limited,2024-11-29,200,61.2,NSE SME,0.0,0.88,2.66,1.77,6704,SME,2024-11-29,1.77x,Rs 200,Rs 172.20 (-13.9%),Rs 42.10 (-78.95%), Lamosaic India Ltd,SME,NSE,200.0,172.2,-18.0,41.8,-13.900000000000007
197,Enviro Infra Engineers Limited,2024-11-29,148,650.43,"BSE, NSE",157.05,153.8,24.48,89.9,"30,15,823",Mainboard,2024-11-29,89.90x,Rs 148,Rs 207.07 (39.91%),Rs 211.05 (42.6%), Enviro Infra Engin...,Mainboard,"NSE, BSE",148.0,218.0,47.3,215.3,45.47
198,Apex Ecotech Limited,2024-12-04,73,25.54,NSE SME,136.69,1179.62,329.65,457.07,"2,61,139",SME,2024-04-12,457.07x,Rs 73,Rs 145.60 (99.45%),Rs 98.65 (35.14%), Apex Ecotech Ltd,SME,NSE,73.0,145.6,90.0,100.6,99.45205479452054
199,Abha Power and Steel Limited,2024-12-04,75,38.54,NSE SME,0.0,10.07,24.93,18.0,41831,SME,2024-04-12,18.00x,Rs 75,Rs 77.80 (3.73%),Rs 30.45 (-59.4%), Abha Power and Ste...,SME,NSE,75.0,77.8,9.2,31.95,3.7333333333333294
200,Agarwal Toughened Glass India Limited,2024-12-05,108,62.64,NSE SME,4.49,15.17,10.71,9.89,18395,SME,2024-05-12,9.89x,Rs 108,Rs 141.75 (31.25%),Rs 136.65 (26.53%), Agarwal Toughened ...,SME,NSE,108.0,141.75,25.0,140.95,31.25
201,Ganesh Infraworld Limited,2024-12-06,83,98.58,NSE SME,163.52,865.82,274.48,369.56,"7,05,492",SME,2024-06-12,369.56x,Rs 83,Rs 165.55 (99.46%),Rs 187.50 (125.9%), Ganesh Infraworld ...,SME,NSE,83.0,165.55,90.0,189.75,99.4578313253012
202,Ganesh Infraworld Limited,2024-12-06,83,98.58,NSE SME,163.52,865.82,274.48,369.56,"7,05,492",SME,2024-06-12,369.56x,Rs 83,Rs 165.55 (99.46%),Rs 187.50 (125.9%), Ganesh Green Bhara...,SME,NSE,190.0,379.05,90.0,426.05,99.5
203,Suraksha Diagnostic Limited,2024-12-06,441,846.25,"BSE, NSE",1.74,1.4,0.94,1.27,"1,47,938",Mainboard,2024-06-12,1.27x,Rs 441,Rs 441.00 (0%),Rs 303.25 (-31.24%), Suraksha Diagnosti...,Mainboard,"NSE, BSE",441.0,437.0,-0.91,303.75,-31.12
204,Nisus Finance Services Co Limited,2024-12-11,180,114.24,BSE SME,93.84,451.21,139.78,192.29,"4,58,967",SME,2024-11-12,192.29x,Rs 180,Rs 236.25 (31.25%),Rs 334.00 (85.56%), Nisus Finance Serv...,SME,BSE,180.0,236.25,25.0,364.1,102.28
205,Emerald Tyre Manufacturers Limited,2024-12-12,95,49.26,NSE SME,195.95,912.18,558.11,530.59,"8,56,448",SME,2024-12-12,530.59x,Rs 95,Rs 189.50 (99.47%),Rs 102.50 (7.89%), Emerald Tyre Manuf...,SME,NSE,95.0,189.5,90.0,105.95,99.47368421052632
206,Dhanlaxmi Crop Science Ltd,2024-12-16,55,23.8,NSE SME,197.65,1241.27,441.18,555.83,"3,63,308",SME,2024-12-16,555.83x,Rs 55,Rs 109.70 (99.45%),Rs 58.00 (5.45%), Dhanlaxmi Crop Sci...,SME,NSE,55.0,109.7,90.0,59.0,99.45454545454548
207,Jungle Camps India Limited,2024-12-17,72,29.42,BSE SME,196.52,760.48,551.2,494.58,"5,34,050",SME,2024-12-17,494.58x,Rs 72,Rs 129.96 (80.5%),Rs 49.76 (-30.89%), Jungle Camps India...,SME,BSE,72.0,129.96,90.0,50.75,-29.51
208,Toss The Coin Limited,2024-12-17,182,9.17,BSE SME,147.69,964.18,1550.76,1025.76,"4,98,397",SME,2024-12-17,"1,025.76x",Rs 182,Rs 363.05 (99.48%),Rs 368.35 (102.39%), Toss The Coin Ltd,SME,BSE,182.0,363.05,90.0,368.35,102.39
209,Purple United Sales Limited,2024-12-18,126,32.81,NSE SME,86.3,269.7,155.29,160.08,"1,42,578",SME,2024-12-18,160.08x,Rs 126,Rs 208.95 (65.83%),Rs 227.05 (80.2%), Purple United Sale...,SME,NSE,126.0,208.95,57.94,238.35,65.83333333333331
210,Vishal Mega Mart Limited,2024-12-18,78,8000.0,"BSE, NSE",85.11,15.01,2.43,28.75,"42,09,552",Mainboard,2024-12-18,28.75x,Rs 78,Rs 111.93 (43.5%),Rs 128.00 (64.1%), Vishal Mega Mart L...,Mainboard,"NSE, BSE",78.0,110.0,41.03,126.2,61.79
211,Sai Life Sciences Limited,2024-12-18,549,3042.62,"BSE, NSE",29.78,4.99,1.39,10.27,"6,46,482",Mainboard,2024-12-18,10.27x,Rs 549,Rs 764.65 (39.28%),Rs 755.30 (37.58%), Sai Life Sciences ...,Mainboard,"NSE, BSE",549.0,660.0,20.22,751.6,36.9
213,Supreme Facility Management Limited,2024-12-18,76,50.0,NSE SME,8.24,15.7,42.5,27.01,81914,SME,2024-12-18,27.01x,Rs 76,Rs 71.25 (-6.25%),Rs 31.35 (-58.75%), Supreme Facility M...,SME,NSE,76.0,71.25,-1.32,31.0,-6.25
214,One Mobikwik Systems Limited,2024-12-18,279,572.0,"BSE, NSE",125.82,114.7,141.78,125.69,"46,88,210",Mainboard,2024-12-18,125.69x,Rs 279,Rs 528.00 (89.25%),Rs 266.10 (-4.62%), One Mobikwik Syste...,Mainboard,"NSE, BSE",279.0,442.25,58.51,274.05,-1.77
215,Inventurus Knowledge Solutions Limited,2024-12-19,1329,2497.92,"BSE, NSE",80.64,23.25,14.55,52.68,"30,45,325",Mainboard,2024-12-19,52.68x,"Rs 1,329","Rs 1,885.80 (41.9%)","Rs 1,650.55 (24.19%)", Inventurus Knowled...,Mainboard,"NSE, BSE",1329.0,1856.0,39.65,1670.7,25.71
216,Yash Highvoltage Limited,2024-12-19,146,110.01,BSE SME,123.7,330.03,151.52,181.82,"4,01,296",SME,2024-12-19,181.82x,Rs 146,Rs 285.63 (95.64%),Rs 213.55 (46.27%), Yash Highvoltage L...,SME,BSE,146.0,291.25,90.0,210,43.84
217,Yash Highvoltage Limited,2024-12-19,146,110.01,BSE SME,123.7,330.03,151.52,181.82,"4,01,296",SME,2024-12-19,181.82x,Rs 146,Rs 285.63 (95.64%),Rs 213.55 (46.27%), Yash Optics & Lens...,SME,NSE,81.0,92.7,11.11,84.0,14.444444444444448
218,International Gemmological Institute (India) Limited,2024-12-20,417,4225.0,"BSE, NSE",48.11,26.09,11.77,35.48,"41,83,197",Mainboard,2024-12-20,35.48x,Rs 417,Rs 471.15 (12.99%),Rs 382.30 (-8.32%), International Gemm...,Mainboard,"NSE, BSE",417.0,504.85,21.07,378.55,-9.22
219,Hamps Bio Limited,2024-12-20,51,6.22,BSE SME,0.0,758.27,1342.04,1057.0,"6,65,592",SME,2024-12-20,"1,057.00x",Rs 51,Rs 101.74 (99.49%),Rs 47.51 (-6.84%), Hamps Bio Limited,SME,BSE,51.0,101.74,90.0,47.51,-6.84
220,NACDAC Infrastructure Limited,2024-12-24,35,10.01,BSE SME,236.39,4084.46,2503.66,2209.76,"7,56,681",SME,2024-12-24,"2,209.76x",Rs 35,Rs 69.82 (99.49%),Rs 40.50 (15.71%), Nacdac Infrastruct...,SME,BSE,35.0,69.82,90.0,40.11,14.6
221,Identical Brains Studios Limited,2024-12-26,54,19.95,NSE SME,187.36,1020.2,544.28,544.28,"3,55,416",SME,2024-12-26,544.28x,Rs 54,Rs 99.75 (84.72%),Rs 50.20 (-7.04%), Identical Brains S...,SME,NSE,54.0,99.75,75.93,51.25,84.72222222222221
222,Transrail Lighting Limited,2024-12-27,432,838.91,"BSE, NSE",197.41,78.31,22.62,81.98,"40,10,736",Mainboard,2024-12-27,81.98x,Rs 432,Rs 553.55 (28.14%),Rs 528.70 (22.38%), Transrail Lighting...,Mainboard,"NSE, BSE",432.0,585.15,35.45,537.55,24.43
223,DAM Capital Advisors Limited,2024-12-27,283,840.25,"BSE, NSE",166.33,98.47,26.8,81.88,"47,35,871",Mainboard,2024-12-27,81.88x,Rs 283,Rs 415.10 (46.68%),Rs 204.00 (-27.92%), Dam Capital Adviso...,Mainboard,"NSE, BSE",283.0,392.9,38.83,223.0,-21.2
224,Mamata Machinery Limited,2024-12-27,243,179.39,"BSE, NSE",235.88,274.38,138.08,194.95,"49,18,086",Mainboard,2024-12-27,194.95x,Rs 243,Rs 630.00 (159.26%),Rs 370.90 (52.63%), Mamata Machinery L...,Mainboard,"NSE, BSE",243.0,600.0,146.91,377.85,55.49
225,Newmalayalam Steel Limited,2024-12-27,90,41.76,NSE SME,1.26,24.63,87.7,50.69,"1,17,354",SME,2024-12-27,50.69x,Rs 90,Rs 85.50 (-5%),Rs 31.50 (-65%), Newmalayalam Steel...,SME,NSE,90.0,85.5,0.0,31.35,-5.0
226,Sanathan Textiles Limited,2024-12-27,321,550.0,"BSE, NSE",79.59,44.39,9.31,36.9,"11,69,757",Mainboard,2024-12-27,36.90x,Rs 321,Rs 388.35 (20.98%),Rs 442.75 (37.93%), Sanathan Textiles ...,Mainboard,"NSE, BSE",321.0,419.1,30.56,425.15,32.45
227,Concord Enviro Systems Limited,2024-12-27,701,500.33,"BSE, NSE",17.32,14.2,5.56,10.67,"6,04,657",Mainboard,2024-12-27,10.67x,Rs 701,Rs 827.10 (17.99%),Rs 543.10 (-22.52%), Concord Enviro Sys...,Mainboard,"NSE, BSE",701.0,832.0,18.69,584.0,-16.69
228,Ventive Hospitality Limited,2024-12-30,643,1600.0,"BSE, NSE",9.58,14.6,6.19,10.33,"7,27,669",Mainboard,2024-12-30,10.33x,Rs 643,Rs 704.35 (9.54%),Rs 756.95 (17.72%), Ventive Hospitalit...,Mainboard,"NSE, BSE",643.0,718.15,11.69,752.15,16.98
229,Senores Pharmaceuticals Limited,2024-12-30,391,582.11,"BSE, NSE",97.84,100.35,93.16,97.86,"37,01,011",Mainboard,2024-12-30,97.86x,Rs 391,Rs 557.80 (42.66%),Rs 541.10 (38.39%), Senores Pharmaceut...,Mainboard,"NSE, BSE",391.0,593.7,51.84,496.7,27.03
230,Carraro India Limited,2024-12-30,704,1250.0,"BSE, NSE",2.33,0.63,0.75,1.18,"1,93,137",Mainboard,2024-12-30,1.18x,Rs 704,Rs 636.20 (-9.63%),Rs 429.95 (-38.93%), Carraro India Ltd,Mainboard,"NSE, BSE",704.0,660.0,-6.25,435.2,-38.18
231,Unimech Aerospace and Manufacturing Limited,2024-12-31,785,500.0,"BSE, NSE",334.68,277.55,59.19,184.34,"76,17,211",Mainboard,2024-12-31,184.34x,Rs 785,"Rs 1,376.25 (75.32%)","Rs 1,038.10 (32.24%)", Unimech Aerospace ...,Mainboard,"NSE, BSE",785.0,1491.0,89.94,1096.7,39.71
232,Anya Polytech & Fertilizers Limited,2025-01-02,14,44.8,NSE SME,150.8,1100.39,321.53,439.8,"3,80,007",SME,2025-02-01,439.80x,Rs 14,Rs 17.95 (28.21%),Rs 24.20 (72.86%), Anya Polytech & Fe...,SME,NSE,14.0,17.95,22.14,24.35,28.214285714285708
233,Citichem India Limited,2025-01-03,70,12.6,BSE SME,0.0,277.88,543.18,414.35,"3,06,306",SME,2025-03-01,414.35x,Rs 70,Rs 68.28 (-2.46%),Rs 27.50 (-60.71%), Citichem India Ltd,SME,BSE,70.0,68.28,0.0,27.5,-60.71
234,Indobell Insulation Limited,2025-01-13,46,10.14,BSE SME,0.0,51.31,52.37,54.13,24268,SME,2025-01-13,54.13x,Rs 46,Rs 91.77 (99.5%),Rs 119.75 (160.33%), Indobell Insulatio...,SME,BSE,46.0,91.77,90.0,115.2,150.43
235,Standard Glass Lining Technology Limited,2025-01-13,140,410.05,"NSE, BSE",327.76,275.21,65.71,185.48,"52,39,243",Mainboard,2025-01-13,185.48x,Rs 140,Rs 163.35 (16.68%),Rs 162.35 (15.96%), Standard Glass Lin...,Mainboard,"NSE, BSE",140.0,176.0,25.71,167.0,19.29
236,Quadrant Future Tek Limited,2025-01-14,290,290.0,"BSE, NSE",139.77,268.03,256.46,195.96,"44,19,572",Mainboard,2025-01-14,195.96x,Rs 290,Rs 444.00 (53.1%),Rs 474.85 (63.74%), Quadrant Future Te...,Mainboard,"NSE, BSE",290.0,374.0,28.97,471.6,62.62
237,Delta Autocorp Limited,2025-01-14,130,54.6,NSE SME,178.64,624.28,314.33,342.1,"4,58,617",SME,2025-01-14,342.10x,Rs 130,Rs 167.25 (28.65%),Rs 71.40 (-45.08%), Delta Autocorp Ltd,SME,NSE,130.0,167.25,34.62,71.0,28.653846153846157
238,B.R.Goyal Infrastructure Limited,2025-01-14,135,85.21,BSE SME,69.88,256.9,88.27,118.08,"2,18,744",SME,2025-01-14,118.08x,Rs 135,Rs 142.50 (5.56%),Rs 130.05 (-3.67%), B.R.Goyal Infrastr...,SME,BSE,135.0,142.5,0.56,130.5,-3.33
239,Avax Apparels And Ornaments Limited,2025-01-14,70,1.92,BSE SME,0.0,140.46,372.35,260.42,28111,SME,2025-01-14,260.42x,Rs 70,Rs 139.65 (99.5%),Rs 134.00 (91.43%), Avax Apparels and ...,SME,BSE,70.0,139.65,90.0,134,91.43
240,Barflex Polyfilms Limited,2025-01-20,60,39.42,NSE SME,78.22,373.12,98.48,151.52,"1,16,416",SME,2025-01-20,151.52x,Rs 60,Rs 63.00 (5%),Rs 60.30 (0.5%), Barflex Polyfilms ...,SME,NSE,60.0,63.0,0.0,60.9,5.0
241,Sat Kartar Shopping Limited,2025-01-17,81,33.8,NSE SME,124.75,808.3,250.35,332.78,"2,32,486",SME,2025-01-17,332.78x,Rs 81,Rs 161.55 (99.44%),Rs 158.20 (95.31%), Sat Kartar Shoppin...,SME,NSE,81.0,161.55,90.0,170.8,99.44444444444446
242,Laxmi Dental Limited,2025-01-20,428,698.06,"BSE, NSE",110.38,147.69,75.1,114.14,"43,13,159",Mainboard,2025-01-20,114.14x,Rs 428,Rs 550.55 (28.63%),Rs 404.65 (-5.46%), Laxmi Dental Ltd,Mainboard,"NSE, BSE",428.0,528.0,23.36,401.45,-6.2
243,Rikhav Securities Limited,2025-01-22,86,88.82,BSE SME,170.92,616.42,251.36,307.0,"8,69,941",SME,2025-01-22,307.00x,Rs 86,Rs 171.55 (99.48%),Rs 66.56 (-22.6%), Rikhav Securities ...,SME,BSE,86.0,171.55,90.0,63.24,-26.47
244,Kabra Jewels Limited,2025-01-22,128,40.0,NSE SME,154.53,556.9,384.9,356.02,"4,13,315",SME,2025-01-22,356.02x,Rs 128,Rs 255.35 (99.49%),Rs 145.90 (13.98%), Kabra Jewels Ltd,SME,NSE,128.0,255.35,90.0,148.8,99.4921875
245,Stallion India Fluorochemicals Limited,2025-01-23,90,199.45,"BSE, NSE",172.93,422.35,96.81,188.32,"50,83,342",Mainboard,2025-01-23,188.32x,Rs 90,Rs 126.00 (40%),Rs 73.02 (-18.87%), Stallion India Flu...,Mainboard,"NSE, BSE",90.0,120.0,33.33,76.18,-15.36
246,Landmark Immigration Consultants Limited,2025-01-23,72,40.32,BSE SME,35.58,96.57,81.87,72.84,0,SME,2025-01-23,72.84x,Rs 72,Rs 75.07 (4.26%),Rs 58.55 (-18.68%), Landmark Immigrati...,SME,BSE,72.0,75.07,4.17,58,-19.44
247,EMA Partners India Limited,2025-01-24,124,76.01,NSE SME,147.69,444.08,167.35,221.06,"3,70,394",SME,2025-01-24,221.06x,Rs 124,Rs 148.70 (19.92%),Rs 122.95 (-0.85%), EMA Partners India...,SME,NSE,124.0,148.7,26.21,118.95,19.91935483870967
248,CapitalNumbers Infotech Limited,2025-01-27,263,169.37,BSE SME,122.19,297.32,71.99,134.62,"4,93,394",SME,2025-01-27,134.62x,Rs 263,Rs 261.35 (-0.63%),Rs 150.55 (-42.76%), CapitalNumbers Inf...,SME,BSE,263.0,261.35,4.18,143.6,-45.4
249,Denta Water and Infra Solutions Limited,2025-01-29,294,220.5,"BSE, NSE",236.94,507.07,90.38,221.54,"41,10,651",Mainboard,2025-01-29,221.54x,Rs 294,Rs 341.25 (16.07%),Rs 306.35 (4.2%), Denta Water & Infr...,Mainboard,"NSE, BSE",294.0,330.0,12.24,306.65,4.3
250,Rexpro Enterprises Limited,2025-01-29,145,53.65,NSE SME,0.0,8.22,27.12,17.67,51406,SME,2025-01-29,17.67x,Rs 145,Rs 111.15 (-23.34%),Rs 79.10 (-45.45%), Rexpro Enterprises...,SME,NSE,145.0,111.15,-19.31,80.25,-23.344827586206893
251,CLN Energy Limited,2025-01-30,250,72.3,BSE SME,1.07,8.6,6.55,5.42,13907,SME,2025-01-30,5.42x,Rs 250,Rs 254.15 (1.66%),Rs 377.50 (51%), CLN Energy Ltd,SME,BSE,250.0,254.15,2.4,388,55.2
252,H.M. Electro Mech Limited,2025-01-31,75,27.74,BSE SME,16.01,183.65,95.55,91.75,85615,SME,2025-01-31,91.75x,Rs 75,Rs 77.04 (2.72%),Rs 74.31 (-0.92%), H.M. Electro Mech ...,SME,BSE,75.0,77.04,8.0,75.18,0.24
253,GB Logistics Commerce Limited,2025-01-31,102,25.07,BSE SME,25.1,543.55,121.88,184.64,"1,04,260",SME,2025-01-31,184.64x,Rs 102,Rs 81.75 (-19.85%),Rs 50.28 (-50.71%), GB Logistics Comme...,SME,BSE,102.0,81.75,-20.0,49.28,-51.69
254,Solarium Green Energy Limited,2025-02-13,191,105.04,BSE SME,8.51,18.04,5.07,8.83,23471,SME,2025-02-13,8.83x,Rs 191,Rs 211.90 (10.94%),Rs 282.00 (47.64%), Solarium Green Ene...,SME,BSE,191.0,211.9,5.76,292.3,53.04
255,Readymix Construction Machinery Limited,2025-02-13,123,37.66,NSE SME,5.1,4.76,4.26,4.61,4626,SME,2025-02-13,4.61x,Rs 123,Rs 116.85 (-5%),Rs 84.10 (-31.63%), Readymix Construct...,SME,NSE,123.0,116.85,0.0,88.3,-5.000000000000004
256,Eleganz Interiors Limited,2025-02-14,130,78.07,NSE SME,24.45,60.42,21.44,30.65,46329,SME,2025-02-14,30.65x,Rs 130,Rs 116.05 (-10.73%),Rs 146.95 (13.04%), Eleganz Interiors ...,SME,NSE,130.0,116.05,-6.15,148.5,-10.730769230769234
257,Ajax Engineering Limited,2025-02-17,629,1269.35,"BSE, NSE",13.04,6.46,1.94,6.06,"3,10,879",Mainboard,2025-02-17,6.06x,Rs 629,Rs 595.40 (-5.34%),Rs 742.00 (17.97%), Ajax Engineering L...,Mainboard,"NSE, BSE",629.0,593.0,-5.72,671.2,6.71
258,Chandan Healthcare Limited,2025-02-17,159,107.36,NSE SME,7.58,18.85,2.44,7.04,7099,SME,2025-02-17,7.04x,Rs 159,Rs 173.35 (9.03%),Rs 179.00 (12.58%), Chandan Healthcare...,SME,NSE,159.0,173.35,3.84,173.95,9.0251572327044
259,Maxvolt Energy Industries Limited,2025-02-19,180,54.0,NSE SME,6.76,1.45,1.97,3.23,2649,SME,2025-02-19,3.23x,Rs 180,Rs 180.90 (0.5%),Rs 185.50 (3.06%), Maxvolt Energy Ind...,SME,NSE,180.0,180.9,0.0,184.4,0.5000000000000031
260,Voler Car Limited,2025-02-19,90,27.0,NSE SME,9.34,18.56,13.94,13.62,9052,SME,2025-02-19,13.62x,Rs 90,Rs 91.45 (1.61%),Rs 99.20 (10.22%), Voler Car Ltd,SME,NSE,90.0,91.45,0.0,98.3,1.6111111111111145
261,Hexaware Technologies Limited,2025-02-19,708,8750.0,"BSE, NSE",9.55,0.21,0.11,2.79,0,Mainboard,2025-02-19,2.79x,Rs 708,Rs 762.55 (7.7%),Rs 765.95 (8.19%), Hexaware Technolog...,Mainboard,"NSE, BSE",708.0,731.0,3.25,771.75,9.0
262,Shanmuga Hospital Limited,2025-02-21,54,20.62,BSE SME,0.0,0.6,4.41,2.51,6563,SME,2025-02-21,2.51x,Rs 54,Rs 51.30 (-5%),Rs 38.00 (-29.63%), Shanmuga Hospital ...,SME,BSE,54.0,51.3,0.0,37.5,-30.56
263,Tejas Cargo India Limited,2025-02-24,168,105.84,NSE SME,1.33,1.07,1.09,1.15,2906,SME,2025-02-24,1.15x,Rs 168,Rs 168.00 (0%),Rs 168.00 (0%), Tejas Cargo India ...,SME,NSE,168.0,168.0,4.17,169.0,0.0
264,Quality Power Electrical Equipments Limited,2025-02-24,425,858.7,"BSE, NSE",1.03,1.45,1.82,1.29,"1,20,178",Mainboard,2025-02-24,1.29x,Rs 425,Rs 387.90 (-8.73%),Rs 362.90 (-14.61%), Quality Power Elec...,Mainboard,"NSE, BSE",425.0,432.05,1.66,367.55,-13.52
265,Swasth Foodtech India Limited,2025-02-28,94,14.92,BSE SME,0.0,2.53,13.12,7.83,14662,SME,2025-02-28,7.83x,Rs 94,Rs 89.30 (-5%),Rs 30.31 (-67.76%), Swasth Foodtech In...,SME,BSE,94.0,89.3,0.0,30.91,-67.12
266,HP Telecom India Limited,2025-02-28,108,34.23,NSE SME,0.0,1.97,1.85,1.91,2501,SME,2025-02-28,1.91x,Rs 108,Rs 115.05 (6.53%),Rs 127.60 (18.15%), HP Telecom India L...,SME,NSE,108.0,115.05,6.53,132.5,6.527777777777775
267,Beezaasan Explotech Limited,2025-03-03,175,59.93,BSE SME,11.52,4.65,2.26,5.43,4645,SME,2025-03-03,5.43x,Rs 175,Rs 153.30 (-12.4%),Rs 233.00 (33.14%), Beezaasan Explotec...,SME,BSE,175.0,153.3,-16.57,228.55,30.6
268,PDP Shipping & Projects Limited,2025-03-18,135,12.65,BSE SME,0.0,0.14,1.88,1.01,1497,SME,2025-03-18,1.01x,Rs 135,Rs 102.85 (-23.81%),Rs 75.10 (-44.37%), PDP Shipping & Pro...,SME,BSE,135.0,102.85,-19.81,75.1,-44.37
269,Super Iron Foundry Limited,2025-03-19,108,68.05,BSE SME,0.0,1.34,1.79,1.56,6315,SME,2025-03-19,1.56x,Rs 108,Rs 102.60 (-5%),Rs 37.45 (-65.32%), Super Iron Foundry...,SME,BSE,108.0,102.6,-0.05,39.32,-63.59
270,Divine Hira Jewellers Limited,2025-03-24,90,31.84,NSE SME,0.0,1.2,6.62,3.93,7446,SME,2025-03-24,3.93x,Rs 90,Rs 85.50 (-5%),Rs 44.15 (-50.94%), Divine Hira Jewell...,SME,NSE,90.0,85.5,0.0,44.9,-5.0
271,Divine Hira Jewellers Limited,2025-03-24,90,31.84,NSE SME,0.0,1.2,6.62,3.93,7446,SME,2025-03-24,3.93x,Rs 90,Rs 85.50 (-5%),Rs 44.15 (-50.94%), Divine Power Energ...,SME,NSE,40.0,152.3,287.5,135.3,280.75
272,Paradeep Parivahan Limited,2025-03-24,98,44.86,BSE SME,1.33,2.65,1.66,1.78,2754,SME,2025-03-24,1.78x,Rs 98,Rs 82.32 (-16%),Rs 110.60 (12.86%), Paradeep Parivahan...,SME,BSE,98.0,82.32,-20.0,108.07,10.28
273,Grand Continent Hotels Limited,2025-03-27,113,74.46,NSE SME,2.93,1.39,1.32,1.79,2646,SME,2025-03-27,1.79x,Rs 113,Rs 107.25 (-5.09%),Rs 144.70 (28.05%), Grand Continent Ho...,SME,NSE,113.0,107.25,-0.09,145.1,-5.08849557522124
274,Active Infrastructures Limited,2025-03-28,181,77.83,NSE SME,1.0,1.66,0.57,1.05,2061,SME,2025-03-28,1.05x,Rs 181,Rs 175.60 (-2.98%),Rs 170.00 (-6.08%), Active Infrastruct...,SME,NSE,181.0,175.6,0.0,170.0,-2.983425414364644
275,Rapid Fleet Management Services Limited,2025-03-28,192,43.87,NSE SME,1.07,4.38,0.81,1.65,1095,SME,2025-03-28,1.65x,Rs 192,Rs 200.90 (4.64%),Rs 209.50 (9.11%), Rapid Fleet Manage...,SME,NSE,192.0,200.9,1.56,209.5,4.63541666666667
276,Rapid Fleet Management Services Limited,2025-03-28,192,43.87,NSE SME,1.07,4.38,0.81,1.65,1095,SME,2025-03-28,1.65x,Rs 192,Rs 200.90 (4.64%),Rs 209.50 (9.11%), Rapid Multimodal L...,SME,BSE,84.0,108.1,22.62,51.99,-38.11
